{
    "nodes": [
        {
            "name": "NU",
            "type": "QuantumRouter"
        },
        {
            "name": "StarLight",
            "type": "QuantumRouter"
        },
        {
            "name": "UChicago_PME",
            "type": "QuantumRouter"
        },
        {
            "name": "UChicago_HC",
            "type": "QuantumRouter"
        },
        {
            "name": "Fermilab_1",
            "type": "QuantumRouter"
        },
        {
            "name": "Fermilab_2",
            "type": "QuantumRouter"
        },
        {
            "name": "Argonne_1",
            "type": "QuantumRouter"
        },
        {
            "name": "Argonne_2",
            "type": "QuantumRouter"
        },
        {
            "name": "Argonne_3",
            "type": "QuantumRouter"
        }
    ],
    "qconnections": [
        {
            "node1": "NU",
            "node2": "StarLight",
            "attenuation": 1e-5,
            "distance": 20e3
        },
        {
            "node1": "StarLight",
            "node2": "UChicago_PME",
            "attenuation": 1e-5,
            "distance": 16e3
        },
        {
            "node1": "UChicago_PME",
            "node2": "UChicago_HC",
            "attenuation": 1e-5,
            "distance": 2e3
        },
        {
            "node1": "StarLight",
            "node2": "Fermilab_1",
            "attenuation": 1e-5,
            "distance": 66e3
        },
        {
            "node1": "StarLight",
            "node2": "Argonne_1",
            "attenuation": 1e-5,
            "distance": 54e3
        },
        {
            "node1": "UChicago_PME",
            "node2": "Argonne_1",
            "attenuation": 1e-5,
            "distance": 42e3
        },
        {
            "node1": "Fermilab_1",
            "node2": "Fermilab_2",
            "attenuation": 1e-5,
            "distance": 2e3
        },
        {
            "node1": "Fermilab_1",
            "node2": "Argonne_1",
            "attenuation": 1e-5,
            "distance": 53e3
        },
        {
            "node1": "Argonne_1",
            "node2": "Argonne_2",
            "attenuation": 1e-5,
            "distance": 41.8e3
        },
        {
            "node1": "Argonne_1",
            "node2": "Argonne_3",
            "attenuation": 1e-5,
            "distance": 100
        }
    ],
    "cchannels_table": {
        "type": "RT",
        "labels": ["Argonne_1", "Argonne_2", "Argonne_3", "Fermilab_1", "Fermilab_2", "NU", "StarLight", "UChicago_PME", "UChicago_HC"],
        "table": [[0,      0.50e9, 0.50e9, 2.65e9, 3.15e9, 1.95e9, 1.76e9, 5.20e9, 5.70e9],
                  [0.50e9, 0,      0.50e9, 3.15e9, 3.65e9, 2.45e9, 2.26e9, 5.70e9, 6.20e9],
                  [0.50e9, 0.50e9, 0,      3.15e9, 3.65e9, 2.45e9, 2.26e9, 5.70e9, 6.20e9],
                  [2.62e9, 3.12e9, 3.12e9, 0,      0.50e9, 2.91e9, 2.67e9, 3.84e9, 4.34e9],
                  [3.12e9, 3.62e9, 3.62e9, 0.50e9, 0,      3.41e9, 3.17e9, 4.34e9, 4.84e9],
                  [1.99e9, 2.49e9, 2.49e9, 2.91e9, 3.41e9, 0,      0.80e9, 3.83e9, 4.33e9],
                  [1.77e9, 2.27e9, 2.27e9, 2.70e9, 3.20e9, 0.79e9, 0,      3.30e9, 3.80e9],
                  [2.94e9, 3.44e9, 3.44e9, 3.94e9, 4.44e9, 6.76e9, 2.99e9, 0,      0.50e9],
                  [3.44e9, 3.94e9, 3.94e9, 4.44e9, 4.94e9, 7.26e9, 3.49e9, 0.50e9, 0]]
    }
}
